title,Price,Date
"MENHOOD Men's WaterProof Cordless Grooming Trimmer for Men, Suitable for Beard, Body Private Part Shaving, Head and Pubic Hair, 150min Run Time (Black)","2,699.",2024-12-16
"MENHOOD Men's WaterProof Cordless Grooming Trimmer for Men, Suitable for Beard, Body Private Part Shaving, Head and Pubic Hair, 150min Run Time (Black)","2,699.",2024-12-16
"MENHOOD Men's WaterProof Cordless Grooming Trimmer for Men, Suitable for Beard, Body Private Part Shaving, Head and Pubic Hair, 150min Run Time (Black)","2,699.",2024-12-16
"MENHOOD Men's WaterProof Cordless Grooming Trimmer for Men, Suitable for Beard, Body Private Part Shaving, Head and Pubic Hair, 150min Run Time (Black)","2,699.",2024-12-16
"MENHOOD Men's WaterProof Cordless Grooming Trimmer for Men, Suitable for Beard, Body Private Part Shaving, Head and Pubic Hair, 150min Run Time (Black)","2,699.",2024-12-16
"MENHOOD Men's WaterProof Cordless Grooming Trimmer for Men, Suitable for Beard, Body Private Part Shaving, Head and Pubic Hair, 150min Run Time (Black)","2,699.",2024-12-16
"MENHOOD Men's WaterProof Cordless Grooming Trimmer for Men, Suitable for Beard, Body Private Part Shaving, Head and Pubic Hair, 150min Run Time (Black)","2,699.",2024-12-16
"MENHOOD Men's WaterProof Cordless Grooming Trimmer for Men, Suitable for Beard, Body Private Part Shaving, Head and Pubic Hair, 150min Run Time (Black)","2,699.",2024-12-16
"MENHOOD Men's WaterProof Cordless Grooming Trimmer for Men, Suitable for Beard, Body Private Part Shaving, Head and Pubic Hair, 150min Run Time (Black)","2,999.",2024-12-16
"MENHOOD Men's WaterProof Cordless Grooming Trimmer for Men, Suitable for Beard, Body Private Part Shaving, Head and Pubic Hair, 150min Run Time (Black)","2,699.",2024-12-16
"MENHOOD Men's WaterProof Cordless Grooming Trimmer for Men, Suitable for Beard, Body Private Part Shaving, Head and Pubic Hair, 150min Run Time (Black)","2,699.",2024-12-16
"MENHOOD Men's WaterProof Cordless Grooming Trimmer for Men, Suitable for Beard, Body Private Part Shaving, Head and Pubic Hair, 150min Run Time (Black)","2,699.",2024-12-16
"MENHOOD Men's WaterProof Cordless Grooming Trimmer for Men, Suitable for Beard, Body Private Part Shaving, Head and Pubic Hair, 150min Run Time (Black)","2,699.",2024-12-16
"MENHOOD Men's WaterProof Cordless Grooming Trimmer for Men, Suitable for Beard, Body Private Part Shaving, Head and Pubic Hair, 150min Run Time (Black)","2,699.",2024-12-16
"MENHOOD Men's WaterProof Cordless Grooming Trimmer for Men, Suitable for Beard, Body Private Part Shaving, Head and Pubic Hair, 150min Run Time (Black)","2,699.",2024-12-16
"MENHOOD Men's WaterProof Cordless Grooming Trimmer for Men, Suitable for Beard, Body Private Part Shaving, Head and Pubic Hair, 150min Run Time (Black)","2,699.",2024-12-16
"MENHOOD Men's WaterProof Cordless Grooming Trimmer for Men, Suitable for Beard, Body Private Part Shaving, Head and Pubic Hair, 150min Run Time (Black)","2,699.",2024-12-16
"MENHOOD Men's WaterProof Cordless Grooming Trimmer for Men, Suitable for Beard, Body Private Part Shaving, Head and Pubic Hair, 150min Run Time (Black)","2,699.",2024-12-16
"MENHOOD Men's WaterProof Cordless Grooming Trimmer for Men, Suitable for Beard, Body Private Part Shaving, Head and Pubic Hair, 150min Run Time (Black)","2,699.",2024-12-16
"MENHOOD Men's WaterProof Cordless Grooming Trimmer for Men, Suitable for Beard, Body Private Part Shaving, Head and Pubic Hair, 150min Run Time (Black)","2,699.",2024-12-16
"MENHOOD Men's WaterProof Cordless Grooming Trimmer for Men, Suitable for Beard, Body Private Part Shaving, Head and Pubic Hair, 150min Run Time (Black)","2,699.",2024-12-16
"MENHOOD Men's WaterProof Cordless Grooming Trimmer for Men, Suitable for Beard, Body Private Part Shaving, Head and Pubic Hair, 150min Run Time (Black)","2,699.",2024-12-16
"MENHOOD Men's WaterProof Cordless Grooming Trimmer for Men, Suitable for Beard, Body Private Part Shaving, Head and Pubic Hair, 150min Run Time (Black)","2,699.",2024-12-16
"MENHOOD Men's WaterProof Cordless Grooming Trimmer for Men, Suitable for Beard, Body Private Part Shaving, Head and Pubic Hair, 150min Run Time (Black)","2,699.",2024-12-16
"MENHOOD Men's WaterProof Cordless Grooming Trimmer for Men, Suitable for Beard, Body Private Part Shaving, Head and Pubic Hair, 150min Run Time (Black)","2,699.",2024-12-16
"MENHOOD Men's WaterProof Cordless Grooming Trimmer for Men, Suitable for Beard, Body Private Part Shaving, Head and Pubic Hair, 150min Run Time (Black)","2,699.",2024-12-16
"MENHOOD Men's WaterProof Cordless Grooming Trimmer for Men, Suitable for Beard, Body Private Part Shaving, Head and Pubic Hair, 150min Run Time (Black)","2,699.",2024-12-16
"MENHOOD Men's WaterProof Cordless Grooming Trimmer for Men, Suitable for Beard, Body Private Part Shaving, Head and Pubic Hair, 150min Run Time (Black)","2,699.",2024-12-16
"MENHOOD Men's WaterProof Cordless Grooming Trimmer for Men, Suitable for Beard, Body Private Part Shaving, Head and Pubic Hair, 150min Run Time (Black)","2,699.",2024-12-16
"MENHOOD Men's WaterProof Cordless Grooming Trimmer for Men, Suitable for Beard, Body Private Part Shaving, Head and Pubic Hair, 150min Run Time (Black)","2,699.",2024-12-16
"MENHOOD Men's WaterProof Cordless Grooming Trimmer for Men, Suitable for Beard, Body Private Part Shaving, Head and Pubic Hair, 150min Run Time (Black)","2,699.",2024-12-16
"MENHOOD Men's WaterProof Cordless Grooming Trimmer for Men, Suitable for Beard, Body Private Part Shaving, Head and Pubic Hair, 150min Run Time (Black)","2,699.",2024-12-16
"MENHOOD Men's WaterProof Cordless Grooming Trimmer for Men, Suitable for Beard, Body Private Part Shaving, Head and Pubic Hair, 150min Run Time (Black)","2,699.",2024-12-16
"MENHOOD Men's WaterProof Cordless Grooming Trimmer for Men, Suitable for Beard, Body Private Part Shaving, Head and Pubic Hair, 150min Run Time (Black)","2,699.",2024-12-16
"MENHOOD Men's WaterProof Cordless Grooming Trimmer for Men, Suitable for Beard, Body Private Part Shaving, Head and Pubic Hair, 150min Run Time (Black)","2,699.",2024-12-16
"MENHOOD Men's WaterProof Cordless Grooming Trimmer for Men, Suitable for Beard, Body Private Part Shaving, Head and Pubic Hair, 150min Run Time (Black)","2,699.",2024-12-16
"MENHOOD Men's WaterProof Cordless Grooming Trimmer for Men, Suitable for Beard, Body Private Part Shaving, Head and Pubic Hair, 150min Run Time (Black)","2,699.",2024-12-16
"MENHOOD Men's WaterProof Cordless Grooming Trimmer for Men, Suitable for Beard, Body Private Part Shaving, Head and Pubic Hair, 150min Run Time (Black)","2,699.",2024-12-16
"MENHOOD Men's WaterProof Cordless Grooming Trimmer for Men, Suitable for Beard, Body Private Part Shaving, Head and Pubic Hair, 150min Run Time (Black)","2,699.",2024-12-16
"MENHOOD Men's WaterProof Cordless Grooming Trimmer for Men, Suitable for Beard, Body Private Part Shaving, Head and Pubic Hair, 150min Run Time (Black)","2,699.",2024-12-16
"MENHOOD Men's WaterProof Cordless Grooming Trimmer for Men, Suitable for Beard, Body Private Part Shaving, Head and Pubic Hair, 150min Run Time (Black)","2,699.",2024-12-16
"MENHOOD Men's WaterProof Cordless Grooming Trimmer for Men, Suitable for Beard, Body Private Part Shaving, Head and Pubic Hair, 150min Run Time (Black)","2,699.",2024-12-16
"MENHOOD Men's WaterProof Cordless Grooming Trimmer for Men, Suitable for Beard, Body Private Part Shaving, Head and Pubic Hair, 150min Run Time (Black)","2,699.",2024-12-16
"MENHOOD Men's WaterProof Cordless Grooming Trimmer for Men, Suitable for Beard, Body Private Part Shaving, Head and Pubic Hair, 150min Run Time (Black)","2,699.",2024-12-16
"MENHOOD Men's WaterProof Cordless Grooming Trimmer for Men, Suitable for Beard, Body Private Part Shaving, Head and Pubic Hair, 150min Run Time (Black)","2,699.",2024-12-16
"MENHOOD Men's WaterProof Cordless Grooming Trimmer for Men, Suitable for Beard, Body Private Part Shaving, Head and Pubic Hair, 150min Run Time (Black)","2,699.",2024-12-16
"MENHOOD Men's WaterProof Cordless Grooming Trimmer for Men, Suitable for Beard, Body Private Part Shaving, Head and Pubic Hair, 150min Run Time (Black)","2,699.",2024-12-16
"MENHOOD Men's WaterProof Cordless Grooming Trimmer for Men, Suitable for Beard, Body Private Part Shaving, Head and Pubic Hair, 150min Run Time (Black)","2,699.",2024-12-16
"MENHOOD Men's WaterProof Cordless Grooming Trimmer for Men, Suitable for Beard, Body Private Part Shaving, Head and Pubic Hair, 150min Run Time (Black)","2,699.",2024-12-16
